sample	TCGA.1	TCGA.2	TCGA.3	TCGA.4	TCGA.5	TCGA.6	TCGA.7	TCGA.8	TCGA.9	TCGA.10
A	0.2649562433362007	5.806234942283481	1.510892400983721	0	0	0	0	0	0	0
B	7.557805355172604	4.396481059957296	5.289725915063173	0	0	0	0	0	0	0
C	6.644682763144374	0.23176524322479963	4.536572454962879	0	0	0	0	0	0	0
D	7.301970785483718	4.259821388404816	4.553070934489369	0	0	0	0	0	0	0
E	7.206113683059812	4.379355849232525	2.0527787506580353	0	0	0	0	0	0	0
